index,label
38,0
39,-1
40,0
42,0
117,1
118,-1
120,1
121,0
188,-1
189,0
265,1
266,0
297,-1
298,1
299,-1
300,1
345,-1
347,0
385,1
386,-1
453,1
454,0
531,0
533,-1
539,1
540,-1
571,0
573,0
641,0
647,-1
648,1
650,-1
652,1
654,-1
673,0
675,-1
679,1
680,-1
683,0
684,-1
685,1
686,-1
695,1
698,0
764,-1
767,1
770,-1
772,0
845,0
854,0
940,-1
941,1
984,-1
987,1
992,-1
998,0
1002,-1
1003,0
1006,-1
1007,0
1099,-1
1100,0
1252,-1
1254,1
1255,-1
1256,1
1258,-1
1259,1
1260,-1
1262,1
1265,-1
1266,1
1279,0
1284,0
1286,-1
1287,0
1341,0
1355,1
1357,-1
1358,1
1359,0
1363,1
1367,-1
1368,1
1407,-1
1409,0
1417,0
1418,0
1484,0
1486,-1
1489,0
1493,0
1540,-1
1541,1
1542,-1
1546,0
1552,-1
1554,0
1647,1
1649,0
1681,0
1683,0
1684,-1
1688,0
1757,-1
1759,1
1760,0
1766,1
1767,-1
1768,1
1770,-1
1771,1
1776,-1
1777,1
1803,0
1809,1
1810,0
1814,1
1817,-1
1818,1
1823,-1
1826,1
1837,0
1849,1
1870,-1
1871,0
1923,-1
1924,0
1952,1
1953,0
1988,-1
1989,0
1996,-1
1997,0
1999,-1
2000,0
2041,0
2043,-1
2048,0
2049,-1
2050,1
2051,-1
2082,1
2085,0
2152,-1
2153,1
2161,0
2166,1
2167,-1
2168,1
2170,-1
2172,1
2182,-1
2185,1
2192,-1
2193,0
2195,-1
2196,0
2264,0
2267,0
2284,-1
2288,0
2367,1
2368,0
2399,0
2408,1
2410,0
2422,1
2425,0
2433,1
2438,-1
2440,1
2442,-1
2443,1
2445,-1
2447,1
2488,-1
2491,1
2494,0
2501,0
2593,-1
2602,1
2656,0
2669,1
2674,0
2680,1
2682,-1
2684,1
2685,-1
2689,1
2693,-1
2694,1
2701,-1
2704,0
2743,1
2744,0
2794,-1
2796,0
2872,-1
2873,1
2880,-1
2883,0
2907,0
2918,0
2976,0
2977,-1
2980,1
2981,-1
3029,1
3030,-1
3045,1
3046,-1
3051,1
3053,-1
3140,-1
3141,1
3148,-1
3149,1
3150,-1
3151,1
3162,-1
3163,0
3234,1
3235,-1
3246,1
3247,0
3320,0
3325,1
3326,0
3329,0
3330,-1
3331,0
3332,-1
3334,1
3382,-1
3385,1
3389,0
3399,0
3454,1
3455,-1
3459,1
3460,0
3601,1
3602,-1
3645,0
3647,-1
3658,1
3659,-1
3675,0
3676,0
3737,0
3739,0
3741,-1
3742,0
3796,0
3797,0
3930,0
3932,0
3986,0
3992,-1
3997,0
3998,-1
4030,0
4032,-1
4033,0
4035,-1
4037,1
4041,-1
4055,0
4057,0
4113,0
4115,-1
4128,0
4129,-1
4131,0
4137,-1
4142,0
4146,-1
4148,0
4149,0
4312,0
4314,1
4315,-1
4316,1
4322,-1
4324,1
4326,-1
4333,1
4341,-1
4345,1
4376,-1
4377,1
4378,-1
4381,1
4384,-1
4385,1
4395,0
4398,0
4472,0
4473,-1
4489,0
4490,-1
4560,1
4561,0
4602,-1
4604,1
4606,-1
4607,1
4608,-1
4611,1
4612,-1
4613,1
4619,0
4622,0
4625,-1
4626,0
4725,-1
4726,0
4790,0
4794,-1
4797,0
4801,-1
4810,0
4811,-1
4820,0
4825,-1
4830,0
4832,-1
4856,0
4858,-1
4900,0
4901,0
4988,0
5002,0
5072,0
5073,0
5135,-1
5136,0
5178,0
5179,0
5270,0
5282,-1
5336,0
5338,-1
5341,0
5344,-1
5345,0
5347,-1
5351,0
5354,-1
5355,0
5361,-1
5417,1
5420,0
5456,-1
5457,0
5458,-1
5460,0
5470,-1
5472,0
5490,0
5492,-1
5493,0
5494,-1
5496,0
5499,-1
5500,0
5503,0
5563,-1
5565,0
5607,0
5612,-1
5615,0
5617,0
5679,0
5695,1
5699,0
5705,0
5751,0
5754,0
5870,0
5873,1
5882,-1
5892,0
5956,0
5969,1
5973,-1
5980,0
5981,-1
5983,0
6124,0
6125,0
6185,-1
6187,0
6188,-1
6196,1
6256,0
6257,-1
6270,0
6271,-1
6363,0
6369,-1
6370,0
6372,-1
6373,0
6378,-1
6384,0
6388,-1
6392,0
6395,-1
6396,1
6397,-1
6485,0
6488,-1
6531,0
6534,0
6596,0
6601,0
6648,0
6658,-1
6659,0
6664,-1
6667,0
6671,-1
6672,0
6673,-1
6675,0
6676,-1
6686,0
6687,0
6748,0
6750,-1
6777,1
6778,0
6807,0
6814,0
6922,-1
6923,0
6924,-1
6926,0
6951,0
6952,-1
6954,0
6955,-1
6966,0
6967,-1
6968,0
6969,0
7048,0
7049,-1
7083,0
7094,-1
7096,0
7097,-1
7100,0
7107,-1
7108,0
7109,-1
7115,0
7116,-1
7151,0
7156,-1
7165,0
7167,-1
7172,0
7173,-1
7175,0
7178,0
7292,0
7302,0
7312,-1
7314,0
7379,0
7390,-1
7391,0
7396,-1
7424,1
7430,-1
7435,1
7436,-1
7526,1
7534,0
7551,0
7563,0
7564,-1
7565,0
7614,0
7624,0
7627,-1
7630,0
7737,-1
7741,0
7794,0
7810,-1
7840,0
7850,-1
7856,0
7857,0
7916,-1
7918,1
7921,-1
7923,1
7939,0
7958,1
7971,0
7986,0
7989,0
7993,0
7995,-1
7996,0
8105,-1
8106,1
8126,0
8148,0
8149,-1
8152,0
8191,0
8198,0
8283,0
8284,-1
8302,0
8306,-1
8307,0
8308,-1
8310,0
8311,-1
8312,0
8313,-1
8315,0
8322,-1
8363,0
8366,-1
8398,0
8399,-1
8400,0
8413,-1
8479,0
8490,-1
8491,0
8493,-1
8498,0
8501,-1
8504,0
8505,-1
8551,1
8552,0
8571,-1
8572,0
8627,1
8633,0
8654,-1
8655,1
8657,-1
8659,1
8666,-1
8667,0
8793,1
8794,0
8819,-1
8822,0
8887,-1
8888,0
8889,0
8893,0
8961,-1
8965,0
8966,0
8978,0
8979,-1
8983,0
8984,-1
8985,0
9022,0
9023,-1
9029,1
9030,0
9074,0
9078,0
9091,-1
9092,0
9163,0
9174,-1
9175,0
9191,-1
9195,0
9196,-1
9243,0
9251,-1
9252,0
9253,0
9346,-1
9347,0
9356,0
9358,0
9359,-1
9361,0
9362,-1
9363,0
9456,0
9470,-1
9508,1
9509,0
9545,0
9553,0
9562,-1
9563,0
9635,0
9637,-1
9638,0
9639,-1
9640,0
9642,-1
9652,0
9653,0
9701,-1
9708,0
9710,-1
9714,0
9731,0
9732,0
9829,0
9831,0
9957,-1
9964,0
9965,-1
9968,0
9999,0
10000,-1
10019,0
10034,-1
10041,0
10043,0
10094,-1
10095,1
10119,0
10121,0
10203,0
10209,-1
10227,0
10228,-1
10230,0
10232,0
10352,0
10353,0
10414,0
10419,-1
10458,0
10469,-1
10509,0
10510,0
10540,-1
10541,0
10543,-1
10545,0
10576,0
10577,0
10606,-1
10607,0
10609,-1
10610,0
10663,0
10667,0
10670,-1
10673,0
10720,0
10723,-1
10725,0
10726,-1
10834,0
10835,-1
10838,0
10847,-1
10849,0
10855,-1
10856,0
10857,-1
10858,0
10863,-1
10950,0
10954,-1
10955,0
10982,-1
11041,0
11042,-1
11085,0
11095,-1
11096,0
11098,-1
11164,-1
11165,1
11174,-1
11176,0
11178,-1
11181,0
11219,1
11221,0
11248,-1
11249,0
11251,-1
11252,0
11282,0
11283,-1
11295,0
11300,-1
11309,1
11310,-1
11375,0
11381,-1
11382,0
11386,-1
11391,1
11395,0
11540,0
11542,-1
11560,0
11563,-1
11564,0
11566,-1
11628,0
11638,1
11639,-1
11641,1
11643,-1
11645,1
11663,0
11668,1
11669,-1
11671,1
11674,-1
11678,1
11696,0
11699,0
11700,-1
11701,1
11704,-1
11705,0
11784,-1
11788,0
11789,-1
11790,0
11792,-1
11793,0
11808,0
11810,-1
11811,0
11812,-1
11875,1
11882,0
11895,0
11906,0
12021,0
12023,0
12113,-1
12121,0
12128,-1
12129,0
12198,0
12223,-1
12280,1
12285,0
12303,-1
12304,0
12305,0
12308,0
12418,-1
12426,0
12427,-1
12428,0
12443,0
12453,-1
12460,0
12461,-1
12464,0
12465,0
12583,-1
12584,0
12626,0
12633,-1
12634,0
12642,-1
12652,0
12656,0
12767,-1
12768,0
12841,0
12842,-1
12844,0
12845,-1
12851,0
12852,0
12902,0
12924,0
12925,-1
12926,0
13127,0
13138,1
13139,0
13153,0
13165,-1
13166,0
13167,-1
13168,0
13265,-1
13280,0
13286,0
13297,0
13364,0
13365,0
13468,0
13478,0
13501,-1
13512,0
13540,-1
13541,0
13737,-1
13738,0
13740,-1
13742,0
13747,0
13754,0
13755,-1
13758,0
13880,0
13881,0
13977,0
13978,-1
13980,0
13984,0
14015,-1
14016,0
14020,-1
14022,0
14067,0
14070,0
14082,-1
14083,0
14156,0
14182,1
14194,0
14199,0
14265,-1
14270,1
14298,-1
14301,0
14364,-1
14366,0
14380,0
14384,-1
14395,0
14396,0
14464,-1
14469,0
14470,-1
14471,0
14485,1
14486,0
14507,-1
14508,0
14652,-1
14653,0
14661,0
14679,0
14728,0
14730,0
14867,-1
14868,1
14882,-1
14883,1
14886,0
14890,1
14894,-1
14895,1
14898,0
14914,0
14922,0
14925,0
14996,-1
15001,0
15003,-1
15004,0
15006,-1
15008,0
15042,0
15049,1
15063,0
15066,1
15067,0
15075,1
15082,-1
15085,1
15092,0
15098,1
15100,-1
15101,1
15105,-1
15109,1
15110,0
15114,1
15115,-1
15116,1
15118,0
15123,1
15152,0
15160,1
15169,-1
15170,0
15227,1
15231,-1
15235,1
15237,-1
15239,1
15242,0
15274,0
15284,1
15294,-1
15296,0
15404,-1
15405,0
15407,-1
15408,0
15412,-1
15413,1
15459,0
15472,0
15473,-1
15475,0
15476,-1
15480,0
15517,1
15518,-1
15551,-1
15552,0
15557,0
15558,-1
15564,0
15565,0
15616,-1
15617,0
15620,-1
15621,0
15640,0
15641,-1
15655,0
15664,-1
15673,0
15676,-1
15677,0
15678,0
15745,-1
15746,0
15792,0
15794,0
15863,-1
15864,1
15890,-1
15891,1
15893,-1
15894,1
15909,-1
15910,1
15911,-1
15912,1
15916,0
15929,1
15935,0
15940,0
15945,0
15952,0
16059,-1
16061,1
16062,-1
16063,1
16064,0
16070,0
16073,-1
16074,0
16075,-1
16077,0
16080,0
16102,0
16164,0
16166,1
16167,-1
16168,1
16170,-1
16171,1
16181,0
16193,1
16194,-1
16195,1
16196,-1
16198,1
16200,-1
16204,0
16318,1
16319,-1
16320,1
16324,-1
16333,1
16335,0
16353,-1
16354,0
16406,0
16407,0
16481,0
16484,1
16486,-1
16487,1
16491,-1
16503,1
16522,-1
16523,0
16525,-1
16526,0
16539,0
16541,-1
16547,0
16550,-1
16612,0
16613,-1
16626,0
16632,-1
16634,0
16635,-1
16639,0
16643,-1
16680,0
16692,-1
16699,1
16700,0
16777,-1
16783,0
16840,0
16841,-1
16856,0
16861,0
16928,-1
16929,0
16938,0
16948,0
17015,-1
17017,1
17037,0
17040,1
17041,-1
17042,1
17045,-1
17046,1
17067,0
17075,1
17076,0
17081,1
17084,-1
17085,0
17086,-1
17088,1
17098,-1
17101,1
17103,-1
17104,1
17144,0
17161,1
17174,-1
17178,0
17275,0
17276,-1
17280,0
17281,-1
17283,0
17284,-1
17286,0
17288,0
17349,0
17372,-1
17376,0
17387,-1
17388,0
17389,0
17479,-1
17481,0
17485,-1
17487,0
17495,-1
17499,0
17523,0
17529,-1
17530,0
17531,-1
17532,0
17536,-1
17545,0
17546,0
17601,1
17607,0
17640,-1
17641,0
17706,0
17727,0
17806,-1
17807,1
17819,0
17841,1
17843,0
17849,0
17850,-1
17855,0
17915,-1
17917,0
17918,-1
17921,0
17922,0
17923,-1
17983,0
17985,-1
18019,1
18020,0
18061,-1
18062,0
18069,-1
18072,0
18156,0
18164,-1
18219,1
18228,-1
18229,1
18231,0
18236,-1
18238,0
18328,0
18330,-1
18332,0
18336,-1
18349,0
18361,-1
18362,0
18369,-1
18371,0
18373,-1
18399,0
18402,0
18470,0
18472,-1
18484,0
18487,0
18632,1
18633,0
18661,0
18667,0
18710,0
18721,0
18724,-1
18725,0
18726,-1
18728,0
18875,0
18884,-1
18920,0
18921,0
18976,0
18987,0
18989,-1
18991,0
18994,-1
18995,0
19031,0
19040,-1
19044,0
19063,0
19093,0
19112,1
19144,-1
19145,0
19147,-1
19148,0
19340,-1
19341,0
19402,0
19405,-1
19424,0
19437,-1
19439,1
19440,0
19480,-1
19484,0
19486,-1
19487,0
19497,0
19498,0
19566,0
19567,-1
19583,0
19585,-1
19671,0
19686,-1
19688,0
19692,-1
19734,0
19750,-1
19753,0
19754,-1
19755,0
19757,-1
19759,0
19767,-1
19822,0
19827,0
19877,1
19878,0
19884,0
19886,1
19887,-1
19889,0
19929,-1
19932,0
19966,0
19968,-1
19969,0
19973,-1
20036,1
20037,-1
20041,1
20042,0
20049,-1
20050,0
20176,0
20177,-1
20195,0
20198,-1
20289,0
20290,-1
20291,0
20294,-1
20295,0
20297,-1
20300,0
20302,-1
20342,0
20348,-1
20349,1
20350,-1
20355,1
20356,-1
20361,1
20371,-1
20384,1
20385,0
20392,0
20396,0
20484,0
20498,0
20580,-1
20583,0
20654,-1
20656,0
20679,0
20680,-1
20735,1
20736,-1
20739,1
20740,-1
20748,1
20758,0
20765,-1
20766,0
20805,-1
20806,1
20807,-1
20808,1
20850,0
20861,1
20862,-1
20864,1
20870,-1
20873,1
20876,-1
20878,0
20947,-1
20948,0
21021,0
21040,0
21041,-1
21047,0
21101,-1
21102,0
21141,-1
21146,0
21151,0
21157,-1
21207,0
21208,-1
21242,0
21243,-1
21245,0
21255,-1
21262,0
21263,-1
21269,0
21271,0
21325,-1
21330,1
21331,-1
21340,1
21343,0
21349,1
21350,0
21354,1
21356,-1
21360,1
21379,-1
21386,0
21387,-1
21389,0
21424,-1
21427,0
21536,1
21537,0
21559,0
21571,0
21584,-1
21585,0
21646,-1
21652,0
21653,-1
21656,0
21667,-1
21668,0
21672,1
21673,0
21706,0
21711,0
21715,-1
21716,0
21721,-1
21723,0
21802,0
21808,-1
21810,0
21811,-1
21827,0
21829,-1
21848,1
21849,0
21878,-1
21883,0
21899,0
21900,-1
21977,-1
21984,0
21988,-1
21989,0
21997,-1
21999,0
22016,0
22017,-1
22029,0
22030,-1
22036,0
22040,-1
22042,0
22043,-1
22047,0
22052,-1
22053,0
22054,-1
22062,0
22064,-1
22067,0
22068,-1
22070,0
22071,-1
22104,0
22107,-1
22179,-1
22180,0
22182,-1
22190,0
22246,-1
22251,0
22256,-1
22257,0
22302,0
22307,-1
22309,0
22319,-1
22321,0
22341,-1
22342,0
22345,-1
22346,0
22349,-1
22350,0
22351,0
22412,0
22432,0
22498,-1
22499,0
22511,0
22512,0
22585,0
22596,0
22604,0
22609,0
22693,-1
22694,1
22702,-1
22703,0
22788,0
22797,-1
22806,0
22807,-1
22832,1
22833,-1
22834,1
22835,-1
22836,1
22837,0
22857,-1
22859,0
22908,-1
22910,1
22917,-1
22918,0
22920,-1
22921,0
22923,0
22927,0
23010,0
23012,1
23014,-1
23015,1
23016,-1
23018,1
23020,0
23025,0
23026,0
23031,0
23039,-1
23040,0
23106,0
23117,0
23164,0
23171,0
23244,1
23246,0
23253,-1
23255,0
23306,-1
23309,0
23315,-1
23316,0
23352,0
23353,-1
23358,0
23361,0
23402,0
23406,1
23407,-1
23408,1
23409,-1
23410,1
23412,-1
23413,1
23414,-1
23415,1
23427,-1
23436,0
23494,-1
23495,0
23496,-1
23497,0
23559,0
23586,0
23651,-1
23653,0
23733,-1
23735,1
23738,-1
23739,0
23745,-1
23746,1
23762,0
23773,0
23819,0
23826,-1
23828,0
23829,-1
23835,1
23836,0
23906,-1
23907,1
23911,-1
23916,1
23917,-1
23919,1
23920,0
23927,0
23930,-1
23931,0
23999,-1
24000,0
24001,-1
24003,0
24074,0
24075,-1
24092,0
24093,-1
24097,0
24102,0
24171,0
24174,-1
24178,0
24179,0
24237,-1
24248,1
24251,-1
24252,1
24263,0
24267,0
24268,-1
24269,0
24274,-1
24275,0
24321,-1
24322,0
24369,-1
24385,0
24386,1
24388,0
24434,-1
24435,0
24503,0
24506,0
24583,-1
24584,0
24585,-1
24590,0
24600,0
24604,-1
24606,0
24607,0
24686,0
24690,0
24863,-1
24864,0
24867,-1
24876,0
24878,-1
24879,0
24909,0
24911,-1
24912,0
24915,-1
24920,0
24921,-1
24926,0
24928,-1
24990,0
24992,0
25079,-1
25082,0
25103,0
25105,-1
25107,0
25108,0
25153,-1
25154,0
25190,-1
25192,0
25195,0
25203,0
25207,-1
25208,0
25245,-1
25247,0
25252,-1
25253,0
25254,-1
25255,0
25271,0
25272,-1
25273,0
25274,-1
25284,0
25287,0
25431,0
25434,-1
25435,0
25437,0
25519,-1
25520,0
25551,0
25559,0
25562,-1
25563,0
25590,-1
25597,0
25600,-1
25601,0
25608,-1
25610,0
25657,-1
25658,1
25660,-1
25661,1
25672,0
25676,1
25678,-1
25680,1
25689,-1
25690,1
25691,-1
25695,1
25701,-1
25703,1
25704,0
25714,0
25813,-1
25818,1
25833,-1
25834,0
25835,-1
25836,0
25916,0
25926,0
25970,0
25972,0
26026,-1
26029,0
26030,-1
26031,0
26063,0
26065,-1
26066,0
26070,0
26205,-1
26215,0
26244,0
26247,0
26309,0
26310,-1
26311,0
26315,-1
26316,0
26317,0
26396,0
26405,-1
26558,-1
26563,0
26567,-1
26568,0
26586,0
26593,-1
26612,0
26620,-1
26623,0
26631,-1
26660,1
26661,-1
26843,-1
26845,0
26877,0
26883,1
26884,-1
26886,1
26890,-1
26892,1
26900,-1
26901,0
26928,-1
26929,0
26995,-1
26996,0
27041,0
27051,-1
27055,0
27056,-1
27099,1
27102,-1
27103,1
27104,0
27120,-1
27122,0
27123,-1
27124,0
27126,-1
27128,0
27200,-1
27203,0
27288,0
27290,-1
27363,-1
27364,0
27368,-1
27369,0
27370,-1
27371,0
27412,1
27413,0
27454,-1
27461,1
27462,-1
27464,1
27475,-1
27480,1
27490,-1
27497,0
27557,-1
27559,0
27687,-1
27688,0
27703,-1
27704,1
27717,0
27722,1
27725,-1
27726,1
27741,-1
27742,1
27744,-1
27747,1
27754,0
27760,0
27763,0
27775,0
27851,-1
27853,0
27907,-1
27908,1
27909,-1
27910,1
27911,-1
27919,0
27922,-1
27923,0
27933,0
27935,0
28048,1
28049,-1
28052,1
28053,0
28087,-1
28088,1
28115,0
28130,0
28131,-1
28139,0
28178,0
28180,0
28272,0
28274,1
28305,-1
28306,0
28337,0
28338,0
28386,-1
28387,1
28391,0
28397,1
28398,-1
28401,1
28412,-1
28413,1
28415,0
28422,0
28423,-1
28426,0
28427,-1
28429,0
28486,-1
28490,0
28496,-1
28498,0
28531,0
28532,0
28580,-1
28584,0
28619,0
28628,-1
28630,0
28631,-1
28632,0
28636,0
28683,-1
28684,1
28696,-1
28697,1
28698,-1
28699,1
28714,-1
28716,1
28718,-1
28719,1
28723,0
28727,0
28728,-1
28729,0
28734,-1
28735,0
28925,0
28930,-1
28931,0
28932,-1
28934,0
28936,-1
28977,1
28978,0
29018,0
29022,0
29029,0
29038,0
29039,-1
29040,0
29105,-1
29106,0
29108,0
29136,1
29183,-1
29185,0
29187,-1
29189,0
29225,1
29226,-1
29227,1
29228,0
29259,-1
29260,0
29317,-1
29318,1
29319,-1
29320,1
29331,-1
29332,1
29344,0
29348,0
29349,0
29366,0
29428,-1
29430,1
29431,-1
29434,1
29444,0
29448,0
29449,-1
29451,0
29510,-1
29518,1
29527,-1
29532,0
29556,1
29557,0
29598,-1
29599,1
29617,0
29619,1
29621,-1
29624,1
29632,0
29636,0
29639,-1
29641,0
29709,0
29710,-1
29716,0
29721,-1
29727,0
29728,-1
29729,1
29731,0
29786,-1
29787,1
29793,-1
29795,1
29799,-1
29802,0
29803,-1
29804,0
29805,-1
29806,0
29825,0
29826,-1
29829,0
29830,-1
29867,0
29868,0
29963,0
29971,-1
29978,0
29979,0
30063,-1
30066,0
30112,1
30113,0
30143,0
30149,1
30154,0
30160,0
30251,-1
30252,1
30261,-1
30263,1
30266,-1
30267,1
30269,0
30271,1
30282,-1
30285,0
30289,-1
30293,1
30340,-1
30342,0
30347,0
30350,1
30351,0
30355,1
30398,-1
30404,0
30405,0
30418,0
30470,0
30473,0
30534,-1
30535,0
30538,-1
30539,0
30541,-1
30542,0
30608,0
30611,0
30620,-1
30626,1
30627,-1
30628,1
30664,0
30678,0
30679,-1
30680,1
30685,-1
30687,0
30733,0
30735,-1
30738,0
30739,-1
30751,0
30754,-1
30755,0
30757,0
30818,0
30819,-1
30822,0
30823,-1
30824,0
30825,-1
30903,0
30906,1
30912,-1
30913,1
30945,0
30950,0
31040,0
31042,1
31043,-1
31046,1
31048,-1
31050,1
31081,0
31086,1
31104,-1
31105,1
31120,-1
31122,0
31186,-1
31205,0
31233,0
31236,-1
31248,1
31250,-1
31251,1
31252,-1
31253,1
31254,0
31295,-1
31299,0
31377,0
31379,-1
31412,0
31416,-1
31421,0
31423,-1
31462,0
31464,-1
31465,0
31466,0
31528,-1
31529,1
31569,-1
31575,0
31595,-1
31597,0
31701,0
31706,0
31742,-1
31743,0
31787,0
31788,-1
31794,0
31795,0
31851,0
31860,0
31928,-1
31938,1
31948,-1
31949,0
31950,-1
31951,0
32001,0
32003,-1
32033,0
32034,-1
32042,0
32052,0
32154,0
32157,-1
32158,0
32168,0
32224,1
32225,0
32236,-1
32237,0
32245,-1
32246,0
32336,0
32340,0
32341,-1
32343,0
32344,0
32353,0
32402,-1
32404,0
32419,0
32420,-1
32434,0
32436,-1
32442,0
32443,0
32629,0
32630,-1
32633,0
32640,-1
32643,0
32646,-1
32651,0
32654,-1
32725,0
32726,-1
32727,0
32728,-1
32734,0
32735,-1
32780,0
32786,-1
32790,0
32793,0
32847,1
32848,-1
32883,1
32885,-1
32888,1
32889,-1
32890,1
32892,-1
32893,1
32894,0
32918,-1
32919,0
33003,0
33007,-1
33144,-1
33146,0
33148,-1
33150,0
33255,1
33270,-1
33272,1
33275,0
33298,-1
33301,0
33304,0
33307,0
33396,0
33411,1
33416,-1
33419,0
33514,0
33515,-1
33516,0
33522,-1
33557,0
33561,-1
33577,0
33580,-1
33581,0
33582,-1
33583,0
33584,-1
33607,0
33609,0
33681,0
33686,-1
33688,0
33691,-1
33698,1
33700,0
33738,-1
33739,0
33746,-1
33747,0
33888,-1
33895,0
33904,-1
33905,0
33918,0
33920,0
33979,0
33985,-1
33986,0
33990,-1
33992,0
33993,0
34072,-1
34073,0
34091,0
34097,-1
34111,0
34112,-1
34159,0
34160,-1
34163,0
34165,0
34255,0
34257,-1
34269,1
34277,0
34300,0
34309,0
34313,-1
34315,1
34361,0
34371,1
34372,-1
34375,1
34379,-1
34382,1
34410,0
34431,1
34528,0
34536,0
34577,0
34585,-1
34599,0
34600,0
34643,-1
34644,1
34645,-1
34649,1
34660,1
34665,0
34668,-1
34675,1
34690,0
34695,0
34699,0
34703,0
34757,0
34759,0
34832,1
34837,0
34859,-1
34867,0
34870,-1
34871,0
34913,-1
34914,0
35002,-1
35003,0
35007,-1
35010,0
35011,-1
35014,0
35020,0
35031,0
35119,0
35121,-1
35126,0
35127,-1
35195,0
35201,0
35271,0
35272,0
35320,-1
35323,0
35325,-1
35328,0
35411,-1
35418,0
35419,-1
35423,0
35437,-1
35439,0
35441,-1
35443,0
35453,0
35463,-1
35466,0
35471,0
35532,0
35534,0
35646,-1
35647,0
35753,0
35768,-1
35769,0
35770,-1
35773,0
35776,0
35857,0
35860,-1
35902,0
35903,0
35991,-1
35995,1
36020,0
36038,0
36078,-1
36079,0
36118,-1
36119,1
36128,0
36131,1
36132,-1
36133,1
36145,0
36157,0
36159,-1
36160,0
36260,-1
36261,0
36267,-1
36269,0
36353,-1
36356,1
36365,-1
36370,0
36464,-1
36469,1
36482,-1
36489,0
36510,0
36511,-1
36516,0
36517,-1
36532,0
36533,-1
36599,-1
36600,0
36602,-1
36606,0
36635,0
36637,-1
36645,1
36649,-1
36661,1
36662,0
36674,-1
36676,0
36796,-1
36797,0
36905,-1
36906,1
36922,0
36938,1
36940,-1
36941,1
36947,-1
36956,0
36957,-1
36959,0
36994,0
36995,-1
37093,-1
37095,0
37111,0
37112,-1
37117,0
37130,-1
37135,0
37136,-1
37181,0
37183,-1
37187,0
37188,-1
37191,0
37193,0
37265,0
37266,-1
37348,-1
37349,0
37350,-1
37352,0
37365,0
37377,-1
37378,1
37379,-1
37380,1
37381,0
37426,-1
37427,1
37428,-1
37433,0
37434,-1
37437,0
37446,-1
37448,0
37541,0
37564,-1
37565,0
37566,0
37687,0
37690,-1
37692,0
37693,0
37780,0
37782,-1
37784,0
37787,0
37875,0
37876,0
37961,0
37971,0
38022,0
38033,0
38038,-1
38039,0
38080,1
38081,-1
38118,-1
38119,0
38129,0
38133,-1
38134,0
38136,-1
38141,0
38151,-1
38161,0
38162,0
38216,0
38217,0
38289,0
38290,-1
38336,0
38353,-1
38368,0
38372,-1
38406,0
38408,0
38498,-1
38500,0
38502,-1
38503,0
38622,0
38623,-1
38626,0
38627,-1
38691,-1
38694,0
38700,0
38701,-1
38702,0
38708,-1
38713,0
38714,-1
38720,0
38721,-1
38722,0
38735,-1
38740,0
38741,-1
38743,0
38744,-1
38783,0
38784,0
39010,1
39011,-1
39012,1
39015,-1
39016,1
39017,-1
39023,1
39024,0
39052,0
39073,0
39074,-1
39075,1
39076,-1
39077,1
39123,0
39132,0
39137,-1
39141,0
39303,-1
39305,0
39308,0
39317,0
39362,0
39381,-1
39384,0
39385,-1
39388,0
39390,-1
39427,0
39439,-1
39442,0
39443,-1
39457,0
39458,0
39517,0
39518,-1
39519,0
39524,0
39628,0
39651,0
39710,0
39715,-1
39723,0
39741,-1
39767,0
39769,-1
39783,0
39784,0
39832,-1
39847,0
39858,0
39859,-1
39860,0
39865,-1
39866,0
39867,-1
39879,0
39880,0
39947,0
39950,0
39999,-1
40000,1
40062,-1
40065,0
40110,1
40111,0
40145,-1
40147,0
40204,-1
40206,0
40224,-1
40228,0
40281,0
40306,0
40373,0
40375,-1
40376,0
40377,-1
40380,0
40381,-1
40382,0
40387,0
40501,0
40502,-1
40513,0
40526,-1
40528,0
40529,-1
40630,0
40631,-1
40632,0
40648,0
40711,0
40712,0
40793,1
40800,0
40808,-1
40809,1
40810,-1
40812,1
40813,-1
40814,1
40826,-1
40828,0
40848,-1
40850,0
40873,-1
40875,0
40899,0
40905,-1
40957,1
40958,-1
40964,1
40966,-1
40980,-1
40982,0
40983,-1
40987,0
40996,0
41006,0
41100,0
41102,0
41168,1
41169,0
41181,-1
41182,0
41183,-1
41185,0
41191,-1
41195,0
41211,0
41230,-1
41231,0
41235,-1
41266,0
41268,-1
41270,0
41275,-1
41286,0
41287,-1
41303,0
41304,-1
41307,0
41317,-1
41460,-1
41461,0
41614,-1
41616,0
41648,0
41649,-1
41652,0
41653,0
41798,0
41809,0
41814,-1
41815,0
41817,-1
41827,0
41861,0
41873,-1
41905,0
41906,-1
41966,-1
41981,0
41984,-1
41985,0
41986,-1
41987,0
41989,0
41997,-1
41998,1
41999,-1
42000,1
42002,0
42008,0
42011,0
42074,0
42075,-1
42077,0
42081,-1
42097,0
42098,-1
42111,0
42115,-1
42132,0
42149,-1
42150,0
42160,-1
42189,0
42191,-1
42227,0
42228,-1
42259,0
42263,-1
42265,0
42266,-1
42267,0
42274,0
42523,0
42524,-1
42547,0
42555,-1
42559,0
42563,0
42648,-1
42649,0
42659,0
42663,0
42723,-1
42724,0
42725,-1
42726,0
42727,0
42737,0
42795,0
42797,-1
42799,0
42800,-1
42806,0
42813,-1
42827,0
42831,-1
42836,0
42837,-1
42838,0
42840,-1
42848,0
42849,-1
42850,0
42851,-1
42852,0
42853,0
42941,-1
42942,1
42979,-1
42984,1
42985,-1
42986,1
42988,-1
42989,1
43012,0
43020,1
43035,-1
43037,0
43104,0
43105,-1
43110,0
43111,-1
43144,0
43145,-1
43164,1
43168,-1
43169,1
43170,-1
43171,1
43174,-1
43178,1
43181,0
43207,0
43220,1
43228,0
43231,0
43233,-1
43234,0
43319,0
43320,0
43483,-1
43492,0
43512,1
43521,-1
43525,1
43526,0
43537,-1
43542,1
43550,-1
43551,0
43553,-1
43556,0
43561,-1
43562,0
43599,0
43602,0
43741,0
43767,-1
43785,0
43786,-1
43932,0
43940,-1
43942,0
43943,-1
43947,0
43952,-1
43954,0
43955,-1
43980,0
43981,0
44020,0
44022,0
44190,0
44202,0
44248,0
44276,1
44354,0
44367,-1
44368,0
44369,-1
44371,0
44373,-1
44383,0
44384,-1
44403,0
44404,0
44482,0
44485,-1
44487,0
44495,0
44550,-1
44551,0
44678,-1
44692,0
44694,0
44695,-1
44703,0
44704,0
44807,1
44808,0
44851,0
44853,0
44854,0
44856,0
44857,0
44861,0
44864,-1
44869,0
44929,0
44931,-1
44933,0
44937,-1
44962,0
44963,-1
45071,1
45076,0
45086,-1
45092,0
45152,-1
45153,0
45170,-1
45171,0
45318,0
45325,0
45364,0
45371,1
45372,0
45378,1
45379,0
45385,0
45387,-1
45391,0
45453,-1
45455,0
45563,1
45564,0
45595,-1
45597,1
45599,-1
45600,1
45601,0
45604,0
45613,-1
45617,0
45660,0
45662,-1
45665,0
45671,-1
45688,0
45701,-1
45703,0
45706,-1
45718,0
45720,-1
45722,0
45723,-1
45724,0
45733,-1
45734,0
45735,0
45829,0
45835,0
45994,0
46001,-1
46004,0
46006,-1
46016,1
46019,0
46047,-1
46049,0
46166,1
46169,-1
46170,1
46171,0
46213,-1
46216,0
46233,0
46238,0
46240,-1
46241,0
46333,-1
46336,0
46337,-1
46339,0
46341,-1
46342,0
46352,0
46353,-1
46388,0
46389,0
46423,-1
46432,0
46433,-1
46434,0
46501,1
46510,0
46522,-1
46523,1
46524,-1
46525,1
46534,0
46542,0
46547,-1
46548,0
46549,-1
46550,0
46557,-1
46558,0
46561,-1
46562,0
46563,-1
46568,0
46595,0
46596,-1
46606,0
46611,-1
46613,0
46616,-1
46618,0
46625,0
46687,0
46688,-1
46691,0
46693,0
46758,0
46759,0
46878,0
46880,-1
46940,0
46941,-1
46947,0
46948,0
47012,-1
47014,0
47016,-1
47017,0
47056,-1
47062,0
47070,-1
47072,0
47164,-1
47165,0
47172,0
47186,0
47187,0
47192,0
47215,-1
47219,1
47244,0
47259,1
47262,-1
47266,0
47267,-1
47268,0
47284,-1
47285,0
47288,0
47302,1
47342,-1
47344,0
47453,0
47481,0
47482,-1
47483,0
47578,-1
47579,0
47663,-1
47664,0
47665,-1
47673,0
47674,-1
47675,0
47696,0
47700,0
47745,0
47751,0
47836,0
47843,0
47920,0
47921,-1
47936,0
47947,-1
47952,0
47954,-1
47957,0
47958,0
48051,-1
48052,1
48072,0
48098,0
48100,-1
48104,0
48129,-1
48130,0
48245,0
48246,-1
48292,0
48300,-1
48303,0
48305,-1
48311,1
48312,0
48345,-1
48346,0
48363,-1
48364,0
48446,0
48453,-1
48454,0
48458,0
48560,0
48563,-1
48570,0
48571,-1
48605,0
48625,0
48678,-1
48680,1
48681,0
48693,1
48699,0
48716,0
48719,0
48727,0
48782,-1
48783,1
48784,-1
48785,1
48787,-1
48789,1
48790,0
48794,1
48800,-1
48801,1
48802,0
48806,0
48810,-1
48811,0
48845,-1
48849,0
48917,-1
48918,0
48920,0
48921,0
49009,-1
49010,0
49034,1
49036,0
49074,0
49082,0
49094,-1
49095,0
49183,0
49184,-1
49189,0
49191,-1
49193,0
49194,0
49353,-1
49355,0
49356,-1
49357,0
49372,0
49394,0
49452,-1
49454,0
49458,-1
49459,0
49524,0
49525,-1
49535,0
49540,-1
49559,-1
49562,0
49580,0
49582,-1
49595,0
49596,-1
49598,0
49599,-1
49607,0
49608,-1
49614,0
49617,-1
49626,0
49627,-1
49639,0
49648,-1
49652,0
49653,0
49736,-1
49759,1
49851,-1
49853,0
49861,0
49866,-1
49875,0
49876,-1
49879,0
49881,0
49994,0
49996,-1
50027,0
50028,-1
50029,0
50030,-1
50031,0
50033,-1
50035,0
50037,-1
50040,0
50041,-1
50045,0
50048,0
50088,-1
50090,0
50117,0
50118,-1
50119,0
50120,-1
50127,0
50128,-1
50129,0
50133,0
50187,-1
50188,0
50202,-1
50203,0
50255,0
50256,-1
50285,0
50286,0
50333,-1
50334,0
50364,0
50366,0
50391,-1
50394,0
50415,0
50416,-1
50417,0
50420,-1
50425,0
50432,-1
50437,0
50439,0
50474,-1
50475,0
50476,-1
50477,0
50508,0
50519,1
50523,-1
50524,0
50525,0
50535,0
50537,-1
50539,0
50584,0
50593,-1
50594,0
50597,-1
50606,0
50607,0
50703,0
50707,-1
50709,0
50711,-1
50712,0
50713,-1
50715,0
50728,-1
50736,1
50737,0
50741,0
50749,0
50824,0
50834,-1
50835,0
50837,-1
50936,1
50940,-1
50941,1
50942,-1
50944,1
50947,-1
50949,1
50951,0
50980,0
50989,0
50993,-1
50998,0
51060,-1
51061,0
51076,0
51113,1
51147,-1
51150,0
51387,-1
51392,0
51430,0
51434,-1
51435,1
51436,0
51452,-1
51453,0
51559,-1
51561,0
51629,-1
51632,0
51654,0
51657,-1
51688,0
51689,-1
51726,0
51727,0
51869,-1
51871,0
51885,0
51886,-1
51888,0
51894,0
51944,-1
51945,0
52070,0
52073,0
52091,-1
52095,0
52247,-1
52249,0
52252,0
52257,0
52272,-1
52273,0
52380,0
52381,0
52395,-1
52397,0
52450,0
52457,-1
52459,0
52461,-1
52462,0
52484,-1
52488,0
52494,-1
52505,0
52507,0
52613,-1
52614,0
52615,-1
52616,0
52754,0
52764,0
52804,0
52821,-1
52826,0
52827,-1
52828,0
52830,0
52977,0
52981,0
52984,-1
52985,0
53045,0
53046,-1
53066,1
53069,-1
53070,1
53072,0
53086,-1
53087,0
53089,-1
53090,0
53138,-1
53139,0
53229,-1
53237,0
53302,0
53303,-1
53305,0
53306,-1
53387,0
53395,-1
53397,0
53398,-1
53399,0
53400,0
53447,-1
53449,0
53474,0
53478,0
53541,-1
53543,0
53554,0
53570,0
53641,-1
53642,0
53733,0
53737,-1
53739,0
53741,-1
53774,0
53776,-1
53779,0
53780,-1
53787,0
53791,0
53886,0
53890,0
53893,-1
53894,0
53895,0
53916,0
53991,0
54000,0
54029,-1
54031,1
54063,-1
54066,0
54076,-1
54077,0
54079,0
54099,0
54222,-1
54223,0
54296,-1
54298,0
54301,0
54303,0
54370,-1
54371,0
54440,-1
54441,1
54470,0
54475,0
54477,-1
54478,0
54479,0
54483,0
54588,1
54589,-1
54606,1
54609,0
54630,-1
54637,0
54655,0
54658,0
54727,-1
54728,0
54729,-1
54735,0
54770,0
54771,-1
54779,0
54780,0
54843,-1
54844,0
54890,0
54891,-1
54892,0
54895,-1
54912,1
54916,0
54940,0
54942,0
54944,-1
54945,0
55004,0
55006,0
55007,-1
55008,0
55012,-1
55014,0
55039,-1
55042,0
55043,-1
55046,0
55066,-1
55067,1
55068,0
55082,1
55108,0
55119,0
55126,-1
55127,0
55185,-1
55186,0
55237,0
55245,-1
55249,0
55258,0
55303,-1
55308,0
55319,-1
55320,0
55348,0
55349,-1
55394,1
55395,-1
55405,1
55407,0
55429,-1
55430,0
55465,-1
55468,0
55470,-1
55471,0
55570,0
55573,-1
55601,0
55603,-1
55605,0
55606,-1
55612,0
55614,0
55759,-1
55776,0
55777,-1
55778,0
55800,0
55803,-1
55806,0
55807,0
55920,-1
55921,1
55925,0
55932,0
55935,-1
55936,0
55994,-1
55995,0
56019,0
56032,-1
56075,0
56076,0
56166,0
56170,-1
56188,0
56189,0
56248,0
56249,-1
56263,0
56264,-1
56267,0
56268,-1
56277,0
56280,-1
56281,0
56283,0
56351,-1
56353,1
56354,0
56362,0
56385,-1
56387,0
56392,-1
56394,0
56428,-1
56429,0
56438,-1
56439,0
56470,0
56471,0
56648,0
56658,1
56659,0
56663,1
56665,0
56668,1
56672,-1
56673,1
56678,-1
56680,1
56681,0
56690,1
56691,0
56698,0
56721,-1
56722,1
56727,-1
56728,1
56763,-1
56767,0
56768,-1
56769,0
56804,0
56811,0
56820,-1
56821,0
56881,0
56885,0
57093,1
57094,0
57099,0
57125,1
57126,-1
57128,1
57139,0
57150,1
57155,-1
57156,0
57162,-1
57163,0
57252,-1
57255,0
57259,-1
57280,0
57295,0
57296,0
57400,-1
57401,1
57404,-1
57407,1
57408,-1
57409,1
57427,0
57433,0
57434,-1
57435,0
57436,-1
57439,0
57476,-1
57477,0
57507,0
57508,-1
57510,0
57512,-1
57519,0
57522,-1
57563,0
57565,-1
57617,1
57624,-1
57626,1
57627,0
57659,-1
57660,0
57697,0
57699,0
57754,-1
57756,1
57760,-1
57761,1
57770,0
57777,0
57842,-1
57843,0
57919,-1
57920,0
57923,-1
57924,0
57929,0
57930,-1
57939,0
57940,-1
57950,0
57964,0
58010,0
58016,0
58066,-1
58067,0
58069,-1
58070,0
58084,-1
58085,0
58099,-1
58106,0
58130,0
58135,-1
58152,0
58153,0
58205,0
58214,-1
58231,0
58234,-1
58322,0
58325,0
58433,-1
58435,0
58450,-1
58451,0
58490,0
58493,-1
58494,0
58497,-1
58498,0
58499,-1
58510,0
58511,-1
58599,1
58600,-1
58602,1
58603,-1
58620,-1
58621,0
58633,0
58634,-1
58636,0
58640,-1
58651,0
58655,-1
58657,1
58658,-1
58659,1
58661,0
58705,0
58722,0
58726,-1
58727,0
58728,-1
58729,0
58772,-1
58774,0
58834,0
58836,-1
58846,0
58847,-1
58875,0
58876,-1
58877,0
58878,0
58940,-1
58942,0
58948,-1
58949,0
58992,0
59016,0
59095,1
59096,0
59116,0
59131,0
59136,-1
59137,0
59185,0
59187,-1
59189,0
59192,0
59283,-1
59284,0
59357,-1
59359,0
59442,-1
59443,1
59444,-1
59445,1
59448,-1
59450,1
59475,-1
59479,0
59485,-1
59486,0
59488,-1
59489,0
59550,0
59554,0
59630,0
59631,-1
59632,0
59645,0
59664,-1
59670,0
59716,0
59718,0
59785,0
59786,-1
59854,-1
59855,0
59876,0
59877,0
59932,0
59933,-1
59939,0
59941,-1
59942,0
59948,-1
59949,0
59953,-1
59954,0
59961,0
60055,1
60056,0
60097,-1
60098,0
60102,-1
60104,0
60106,0
60115,0
60158,0
60161,-1
60162,0
60169,-1
60175,0
60177,-1
60181,0
60182,-1
60187,0
60195,-1
60206,1
60213,0
60245,-1
60246,0
60251,-1
60252,0
60275,0
60278,-1
60279,0
60280,0
60328,-1
60329,0
60418,-1
60419,1
60420,-1
60421,1
60425,-1
60426,1
60441,-1
60442,1
60446,-1
60455,1
60457,0
60461,0
60462,-1
60463,0
60464,-1
60465,0
60466,0
60472,0
60554,0
60563,0
60581,-1
60583,0
60687,1
60688,0
60710,-1
60713,1
60714,-1
60715,1
60717,0
60722,0
60745,-1
60746,0
60782,-1
60783,0
60785,-1
60786,0
60796,0
60797,-1
60805,0
60806,-1
60848,0
60849,-1
60853,0
60857,-1
60867,0
60869,-1
60897,0
60902,-1
60917,0
60921,-1
60938,0
60942,-1
60948,0
60961,0
61035,-1
61038,1
61040,0
61044,0
61045,-1
61046,0
61111,0
61118,-1
61119,0
61121,-1
61122,0
61123,0
61207,0
61209,0
61283,1
61285,0
61308,0
61316,0
61317,-1
61318,0
61351,-1
61352,0
61397,0
61414,0
61490,0
61493,-1
61497,0
61508,0
61601,0
61602,0
61669,0
61675,-1
61731,0
61737,0
61807,-1
61811,0
61899,-1
61900,0
61902,0
61910,0
61911,-1
61912,0
61955,1
61961,-1
61970,1
61971,0
61995,-1
61998,1
62028,-1
62029,0
62030,-1
62031,0
62039,0
62047,0
62056,-1
62057,0
62211,-1
62215,0
62234,-1
62235,0
62293,0
62299,-1
62301,0
62304,-1
62307,0
62309,-1
62310,0
62311,-1
62330,0
62341,-1
62450,-1
62452,0
62460,-1
62463,0
62528,1
62529,-1
62549,1
62551,0
62571,0
62578,0
62631,-1
62633,1
62635,-1
62636,1
62637,0
62651,0
62665,-1
62666,0
62794,-1
62795,0
62797,-1
62798,0
62809,0
62813,-1
62861,0
62862,0
62955,-1
62957,1
62971,-1
62972,1
62973,-1
62979,1
62982,0
63000,0
63001,0
63007,0
63051,0
63053,-1
63055,0
63057,-1
63061,0
63062,-1
63063,0
63064,-1
63066,0
63067,-1
63110,0
63112,-1
63170,-1
63171,1
63182,0
63187,0
63191,-1
63192,0
63198,0
63202,0
63280,0
63295,1
63302,0
63304,1
63311,-1
63313,0
63315,0
63333,1
63362,-1
63367,0
63530,-1
63532,1
63543,0
63552,0
63571,-1
63572,0
63627,0
63628,-1
63650,0
63651,-1
63655,0
63656,-1
63657,1
63658,-1
63659,1
63660,0
63701,-1
63702,0
63703,-1
63705,0
63872,-1
63873,1
63878,0
63882,0
63884,-1
63886,0
63890,-1
63891,0
64035,-1
64037,0
64039,0
64042,0
64139,0
64142,0
64156,-1
64159,0
64193,0
64194,-1
64208,0
64212,-1
64213,0
64214,-1
64229,0
64233,-1
64237,0
64238,-1
64247,0
64248,0
64347,-1
64351,0
64388,0
64391,-1
64394,0
64395,-1
64468,0
64472,-1
64473,0
64475,-1
64490,1
64491,0
64513,-1
64515,0
64557,-1
64561,0
64562,-1
64563,0
64590,-1
64592,0
64648,-1
64650,0
64658,-1
64665,0
64666,-1
64668,0
64683,0
64692,-1
64693,0
64700,-1
64701,0
64702,-1
64704,0
64705,-1
64709,0
64710,-1
64712,0
64713,-1
64729,0
64730,0
64822,1
64826,0
64845,-1
64847,1
64873,0
64875,1
64879,-1
64880,1
64883,-1
64884,1
64922,0
64925,0
64926,-1
64928,0
64980,0
64981,0
65147,0
65160,0
65223,-1
65226,0
65229,-1
65230,0
65264,0
65265,-1
65290,0
65292,-1
65295,0
65297,-1
65304,1
65305,-1
65309,1
65311,-1
65317,1
65321,0
65335,-1
65336,0
65426,-1
65427,0
65526,0
65529,0
